,,,,,,,,,,,,,Individual Badge Doses (in microSV) for personnel type,,,,,,,,,Surrogate for Patient Dose
Procedure date,Patient,MRN,Weight (kg),D.O.B.,Age (days),Age (months) - days/30,Species,Breed,"Sex (FI, FS, MI, MN)","Procedure  type (BPV, PDA PMI, PV Stent)",Procedure time (min),RADPAD Drape Used? Y/N,Faculty,Tech 1,Resident 1,Resident 2,TEE,Anesthesia,Patient,Total fluoro time (sec),Total fluoro time (min),DAP Total (Gycm2)
10/27/2021,Riddler,265286,11.3,6/20/2021,129,4.30,Canine,BPV,90,BPV,90,N,9.04,0.21,110.11,0.64,n/a,3.71,NB,1265,21.08,13.00
10/30/2021,Zoie,341157,5.3,3/8/2013,3158,105.27,Canine,PMI,53,PMI,53,N,1.43,n/a,16.53,n/a,n/a,0.33,n/a,317,5.28,0.91
11/3/2021,Archer,266052,15.3,12/26/2020,312,10.40,Canine,BPV,90,BPV,90,N,2.97,0,32.87,0.49,n/a,25.5,NB,1068,17.80,6.70
11/4/2021,Einstein,266908,36.1,11/4/2009,4383,146.10,Canine,PMI,66,PMI,66,N,6.76,0,25.71,n/a,n/a,0,n/a,102,1.70,4.70
11/10/2021,Blake ,266575,21.9,1/1/2021,313,10.43,Canine,BPV,55,BPV,55,N,2.77,0.25,21.65,1.84,9.25,18.39,NB,549,9.15,2.60
11/12/2021,Cleo,267139,28.8,11/11/2016,1827,60.90,Canine,PMI,106,PMI,106,N,9.89,0.11,30.12,n/a,n/a,4.83,n/a,222,3.70,5.80
11/24/2021,Bailey,267287,3.4,7/24/2021,123,4.10,Canine,PDA,65,PDA,65,N,0.2,0.02,5.74,0.1,1.07,0.87,n/a,339,5.65,0.97
12/1/2021,Niko,1086650,3.2,8/22/2021,101,3.37,Canine,BPV,40,BPV,40,N,2.97,0.05,19.78,0.03,n/a,1.51,NB,318,5.30,0.90
12/15/2021,Margo,267046,4.2,7/23/2021,145,4.83,Canine,BPV,120,BPV,120,N,0.13,0.16,11.63,1.07,n/a,5.28,NB,425,7.08,2.20
12/22/2021,Prudence,268396,20.4,11/21/2015,2223,74.10,Canine,PMI,123,PMI,123,N,1.05,0,37.32,1.12,3.92,0.56,n/a,267,4.45,3.20
12/29/2021,Wile E,268555,19.9,1/23/2021,340,11.33,Canine,PDA,70,PDA,70,N,3.43,0.12,9.27,1.36,2.17,12.19,n/a,368,6.13,8.20
1/5/2022,Kobra,268314,4.5,5/23/2020,592,19.73,Canine,PDA,94,PDA,94,N,1.2,0,5.99,n/a,0.75,3.68,n/a,212,3.53,1.50
1/6/2022,Pepper,268723,25.5,2/18/2021,322,10.73,Canine,PDA,135,PDA,135,N,1.38,0.06,4.17,n/a,0.89,1,n/a,200,3.33,2.00
1/19/2022,Gus,268280,3.98,10/17/2021,94,3.13,Canine,PDA,78,PDA,78,N,0.02,0,0.59,1.02,0.03,1.54,n/a,156,2.60,0.30
1/26/2022,Charlie,269411,8.04,10/8/2012,3397,113.23,Canine,PMI,45,PMI,45,N,11.24,4.5,98.66,n/a,n/a,5.12,n/a,556,9.27,5.20
2/1/2022,Kimberly Elise,202898,34,3/5/2009,4716,157.20,Canine,PMI,140,PMI,140,N,7.02,0.28,21.63,n/a,n/a,3.74,n/a,178,2.97,4.50
2/2/2022,Abby,268254,7.8,9/3/2021,152,5.07,Canine,BPV,55,BPV,55,N,0.05,0,15.44,1.26,n/a,2.84,NB,155,2.58,1.40
2/2/2022,Tiburon,265264,30.2,2/16/2020,717,23.90,Canine,BPV,49,BPV,49,N,0.54,0.44,2.87,10.9,n/a,49.99,NB,601,10.02,9.90
2/9/2022,Baxter,268261,9.5,3/12/2020,699,23.30,Canine,BPV,60,BPV,60,N,7.45,0.05,117.25,1.54,0.44,27.8,NB,356,5.93,5.30
2/10/2022,Dodge,267594,13.4,8/4/2021,190,6.33,Canine,BPV,87,BPV,87,N,5.76,0.05,196,6.47,n/a,37.2,NB,839,13.98,12.30
2/15/2022,Simon ,269988,9.56,2/8/2010,4390,146.33,Canine,PMI,50,PMI,50,N,0.54,0.05,16,0.52,n/a,2.02,n/a,127,2.12,1.20
2/16/2022,Woody,267732,21.4,12/1/2017,1538,51.27,Canine,BPV,65,BPV,65,N,0.71,0.08,35,9.65,n/a,16.54,NB,452,7.53,8.70
2/16/2022,Nellie,270022,22.7,2/8/2011,4026,134.20,Canine ,PMI,120,PMI,120,N,2.25,0.1,14,n/a,n/a,2.87,n/a,286,4.77,2.50
2/23/2022,Tillie,267911,14.7,6/22/2021,246,8.20,Canine,BPV,65,BPV,65,N,11.31,0.89,110,0.97,n/a,84.94,NB,1036,17.27,12.80
3/9/2022,Fang,262175,2.79,10/15/2020,510,17.00,Canine,BPV,130,BPV,130,N,0.56,0.08,8,2.97,n/a,13.1,NB,1473,24.55,3.30
3/16/2022,Daisy Joy,270574,4.76,11/6/2021,130,4.33,Canine,BPV,82,BPV,82,N,2.08,0.33,40,0.33,0.05,0.23,NB,1102,18.37,4.10
3/16/2022,Luna,269162,23.6,1/18/2014,2979,99.30,Canine,PDA,125,PDA,125,N,4.04,0.18,72,0.82,4.43,4.87,n/a,445,7.42,17.00
3/23/2022,Alegna,270489,10.4,4/21/2021,336,11.20,Canine,BPV,95,BPV,95,N,0.02,0.18,30,2.48,1.33,8.12,NB,669,11.15,8.03
3/23/2022,Asher,270132,33,4/25/2018,1428,47.60,Canine,PDA,100,PDA,100,N,0.05,0.31,10,1.87,6.35,4.45,n/a,270,4.50,5.46
3/30/2022,Semper ,269099,18.5,11/19/2021,131,4.37,Canine,BPV,100,BPV,100,N,0.56,0.64,20,1.36,n/a,24.47,NB,789,13.15,14.54
3/30/2022,Boomer,270546,3.7,9/29/2021,182,6.07,Canine,BPV,125,BPV,125,N,13.23,0.03,10,4.99,n/a,1.54,NB,2330,38.83,5.47
4/6/2022,Sassy,271946,8.7,12/28/2021,99,3.30,Canine,PDA,195,PDA,195,N,0.47,0.02,2,0.13,n/a,1.71,n/a,282,4.70,1.95
4/13/2022,Spike,240485,8,11/16/2009,4531,151.03,Canine,PMI,103,PMI,103,N,6.3,NB,41,n/a,n/a,3.43,n/a,340,5.67,1.56
4/20/2022,Xena,472446,8.5,1/17/2022,93,3.10,Canine,PDA,68,PDA,68,N,1.08,0,4,n/a,1.67,4.82,n/a,263,4.38,1.68
4/22/2022,Bandit,472757,35.9,12/20/2017,1584,52.80,Canine,PMI,72,PMI,72,N,3.58,0,17,n/a,n/a,0.33,n/a,291,4.85,3.38
4/27/2022,Paislee Mae,271742,2.15,12/29/2021,119,3.97,Canine,BPV,78,BPV,78,N,3.61,0,6.91,0.02,n/a,0.59,NB,563,9.38,1.06
5/4/2022,Ella ,272000,2.39,1/5/2022,119,3.97,Canine,PDA,115,PDA,115,N,0.69,0.15,10.57,0.18,n/a,0.97,n/a,414,6.90,1.13
5/6/2022,Princess,473292,24.8,5/4/2011,4020,134.00,Canine,PMI,68,PMI,68,N,2.33,NB,13.98,n/a,n/a,0.03,n/a,15,0.25,0.39
5/25/2022,Daisy Joy,267024,25,3/12/2018,1535,51.17,Canine,PDA,65,PDA,65,N,1,0.06,15.46,6.2,2.46,20.04,n/a,223,3.72,6.05
6/15/2022,Snowball,472796,11.2,4/21/2018,1516,50.53,Canine,BPV,126,BPV,126,N,0.08,0.07,4.81,43.29,0.18,40.73,NB,522,8.70,11.48
6/24/2022,Cleopatra Rose,258677,6.4,4/20/2012,3717,123.90,Canine,PMI,150,PMI,150,N,3.66,NB,30.16,n/a,n/a,2.08,n/a,277,4.62,1.96
6/28/2022,Tillie,267911,15,6/22/2021,371,12.37,Canine,PV stent,130,PV stent,130,N,4.64,NB,114.04,7.14,0.54,8.14,NB,509,8.48,7.96
6/29/2022,Benelli,474783,24.2,11/24/2021,217,7.23,Canine,BPV,59,BPV,59,N,1.25,0.03,32.08,8.27,n/a,11.64,NB,783,13.05,15.53
7/6/2022,Gotti,474406,14.1,2/22/2022,134,4.47,Canine,BPV,105,BPV,105,N,16.18,0.05,143.51,4.1,n/a,19.15,NB,1590,26.50,16.34
7/7/2022,Arthur,474405,20,4/5/2021,458,15.27,Canine,BPV,55,BPV,55,N,2.53,0.03,19.51,7.22,n/a,2.23,NB,537,8.95,11.58
7/13/2022,Brice,474688,8.2,11/15/2021,240,8.00,Canine,BPV,60,BPV,60,N,1.02,1.4,8.91,0.3,n/a,3.64,NB,499,8.32,3.39
7/20/2022,Bella,265219,3.5,7/26/2021,359,11.97,Canine,BPV,105,BPV,105,N,14.16,0.03,14.08,0.51,n/a,2.63,NB,1518,25.30,3.49
7/20/2022,Charlie,475018,16.4,1/27/2022,174,5.80,Canine,BPV,40,BPV,40,N,0.23,NB,3.94,0.72,n/a,4.48,NB,307,5.12,3.15
7/26/2022,Fred,253645,49.6,1/1/2013,3493,116.43,Canine,PMI,90,PMI,90,N,44.42,0.56,52.81,1.72,6.32,9.22,n/a,581,9.68,16.23
7/27/2022,Karma,474297,38.3,8/26/2021,335,11.17,Canine,BPV,86,BPV,86,N,0.02,0.05,42.98,1.94,n/a,41.6,NB,828,13.80,18.01
7/27/2022,Ruby,475256,21.5,12/20/2021,219,7.30,Canine,BPV,45,BPV,45,N,0.03,0.01,30.29,0.97,n/a,6.37,NB,633,10.55,8.02
8/3/2022,Daisy  ,476580,16,1/22/2022,193,6.43,Canine,PDA,120,PDA,120,N,0.15,0.03,2.61,0.13,1.43,4.89,n/a,171,2.85,2.22
8/4/2022,Luna,476648,12.6,1/29/2022,187,6.23,Canine,PDA,56,PDA,56,N,0.08,0.02,17.3,1.59,3.82,8.4,n/a,207,3.45,5.04
8/10/2022,Owl ,476079,3.21,2/1/2022,190,6.33,Canine,BPV,65,BPV,65,N,0.36,0.08,7.22,2.69,n/a,0.74,NB,468,7.80,1.20
8/10/2022,Nikki,475470,24.2,12/27/2020,591,19.70,Canine,BPV,45,BPV,45,N,0.08,0.02,2.28,0,n/a,3.71,NB,454,7.57,5.90
8/17/2022,Felix,476035,5.56,4/9/2022,130,4.33,Canine,BPV,72,BPV,72,N,1.54,0.1,7.32,0.02,n/a,8.4,NB,726,12.10,4.07
8/18/2022,Riley,477360,30.4,2/14/2016,2377,79.23,Canine,PMI,85,PMI,85,N,0.28,NB,23.63,3.05,1.33,NB,n/a,298,4.97,10.57
8/24/2022,Sushi,476615,6.5,9/1/2021,357,11.90,Canine,BPV,59,BPV,59,N,3.35,0.01,15.39,1.13,n/a,1.79,NB,784,13.07,2.24
8/26/2022,Nani,477746,8.7,7/15/2009,4790,159.67,Canine,PMI,108,PMI,108,N,n/a,0.01,36.96,n/a,0.08,3.48,n/a,629,10.48,2.49
9/7/2022,Nessa ,478048,9.6,4/29/2022,131,4.37,Canine,PDA,115,PDA,115,N,1.41,0.01,7.37,0.53,2.79,5.33,n/a,391,6.52,3.30
9/7/2022,Gwen ,475746,12.2,11/5/2021,306,10.20,Canine,PDA,108,PDA,108,N,0.12,NB,4.38,0.08,3.2,13.44,n/a,451,7.52,3.70
9/9/2022,Chance ,478280,22.6,8/26/2010,4397,146.57,Canine,PMI,120,PMI,120,N,5.64,0.03,48.39,n/a,n/a,8.37,n/a,225,3.75,5.87
9/14/2022,Bodie,475746,34,7/21/2019,1151,38.37,Canine,BPV,60,BPV,60,N,3.35,0.01,37.45,1.79,n/a,21.01,NB,384,6.40,11.45
9/14/2022,Beka ,477611,3.5,5/22/2022,115,3.83,Canine,PDA,60,PDA,60,N,0.13,0.01,4.43,0.16,0.35,3.41,n/a,199,3.32,0.49
9/28/2022,Nila,478546,10.7,9/14/2021,379,12.63,Canine,BPV,73,BPV,73,N,0.02,0.02,9.03,0.64,n/a,44.11,NB,987,16.45,8.69
10/5/2022,Coalie,478553,6.95,7/29/2022,68,2.27,Canine,PDA,75,PDA,75,N,0.1,0.01,7,0.49,1.69,1.02,3.59,176,2.93,1.32
10/5/2022,Shapiro,479070,25.7,2/14/2013,3520,117.33,Canine,PDA,75,PDA,75,N,0.1,0.01,71,9.11,4.94,2.69,35.35,166,2.77,4.34
10/5/2022,Margo,267046,9.2,7/23/2021,439,14.63,Canine,PV stent,95,PV stent,95,N,1.46,0.02,92,0.12,2.15,23.27,1900,1438,23.97,10.67
10/19/2022,Kobi,474237,17.2,3/23/2022,210,7.00,Canine,BPV,108,BPV,108,N,0.18,0.05,14,0.54,n/a,13,NB,704,11.73,6.80
10/19/2022,Augie,216884,9.3,2/14/2017,2073,69.10,Canine,PV stent,100,PV stent,100,N,5.73,0.02,67,1.2,0.57,50,5000,1529,25.48,15.47
10/26/2022,Percy,478856,16.9,6/3/2019,1241,41.37,Canine,PDA,136,PDA,136,N,9.96,0.56,48.36,2.1,10.95,88.04,1970,1106,18.43,23.65
11/2/2022,Muffin ,479347,4.4,5/20/2020,896,29.87,Canine,PDA,135,PDA,135,N,0.12,NB,19.97,0.26,0.31,1.22,NB,421,7.02,0.85
11/9/2022,Dot ,479278,5,4/7/2022,216,7.20,Canine,PDA,120,PDA,120,N,1.51,0.01,3.64,1.38,3.99,3.97,NB,450,7.50,2.03
11/9/2022,Frankie,479955,7.3,8/21/2021,445,14.83,Canine,PV stent,108,PV stent,108,N,20.12,0.01,136.67,3.48,8.35,12.65,NB,1388,23.13,17.24
11/16/2022,Moriah,479651,43,1/26/2022,294,9.80,Canine,BPV,60,BPV,60,N,0.92,0.01,49.38,0.18,n/a,4.89,NB,466,7.77,12.64
11/16/2022,Fritz,480920,6.6,8/26/2017,1908,63.60,Canine,PMI,130,PMI,130,N,13.31,0.02,36.3,1.2,193,1.76,90,882,14.70,6.85
11/17/2022,Kip,480947,11,1/31/2012,3943,131.43,Canine,PMI,90,PMI,90,N,0.02,0.01,10.29,2.85,3.17,5.99,3.64,223,3.72,1.67
11/30/2022,Willow,479211,11.6,7/9/2021,509,16.97,Canine,BPV,85,BPV,85,N,0.03,0.03,17.72,0.84,n/a,21.46,106,710,11.83,4.07
12/7/2022,Lilly ,481617,9.4,12/16/2010,4374,145.80,Canine,PMI,160,PMI,160,N,9.29,0.01,18.33,n/a,11.49,14.13,10,1312,21.87,3.88
12/14/2022,JD,480127,13.7,7/7/2022,160,5.33,Canine,BPV,87,BPV,87,N,0.03,0.02,18.15,2.49,n/a,20,NB,477,7.95,4.55
12/21/2022,Beau,263667,9.9,5/3/2020,962,32.07,Canine,BPV,109,BPV,109,N,2.76,0.05,136.09,0.08,n/a,80,NB,769,12.82,11.97
12/21/2022,Georgia,482077,5.2,8/25/2022,118,3.93,Canine,PDA,51,PDA,51,N,6.33,0.01,1.72,0.97,2.87,NB ,NB,264,4.40,1.28
12/28/2022,Emmi,481167,23.1,12/17/2021,376,12.53,Canine,PV stent,145,PV stent,145,N,4.58,2,132.27,2.19,2.56,70,40,1008,16.80,20.61
12/28/2022,Felix ,476045,9.5,4/9/2022,263,8.77,Canine,PV stent ,105,PV stent ,105,N,14.39,0.28,95.54,1.85,2.56,50,10,1545,25.75,12.82
1/4/2023,Beans,481365,2.3,9/20/2022,106,3.53,Canine,BPV,180,BPV,180,N,0.01,0.02,15.13,1.05,n/a,10,NB,70,1.17,0.11
1/4/2023,Tate ,271257,12.7,10/11/2021,450,15.00,Canine,BPV,65,BPV,65,N,1.28,0.01,7.76,0.09,n/a,13.2,10,295,4.92,2.96
1/11/2023,Olive,478314,6.32,7/5/2022,190,6.33,Canine,BPV,120,BPV,120,N,2.66,0.02,3.94,4.03,NB,10,100,725,12.08,3.87
1/13/2023,Bentley ,482906,10.8,8/11/2009,4903,163.43,Canine,PMI,157,PMI,157,N,5.63,0.01,55.68,n/a,6.88,10,80,787,13.12,6.24
1/18/2023,Flora,481783,14.3,8/21/2021,515,17.17,Canine,BPV,49,BPV,49,N,0.8,0,11.87,NB,n/a,20,100,204,3.40,2.99
1/18/2023,Simon ,479837,4.03,2/15/2018,1798,59.93,Canine,PDA,88,PDA,88,N,0.23,0,11.32,NB,10,10,NB,222,3.70,0.63
1/25/2023,Tutu,482153,15.4,12/8/2021,413,13.77,Canine,BPV,90,BPV,90,N,0.05,0.01,15.26,4.23,n/a,33.95,350,1240,20.67,17.84
1/25/2023,Popper,482406,6.7,10/14/2022,103,3.43,Canine,PDA,50,PDA,50,N,0.02,0.05,0.95,1.15,n/a,0.54,NB,119,1.98,0.52
1/25/2023,Oliver,482303,15.7,9/21/2022,126,4.20,Canine,PDA,150,PDA,150,N,0.21,0.15,20.09,5.22,11.62,5.42,20,1006,16.77,11.61
2/8/2023,Luna ,482281,12.6,10/18/2022,113,3.77,Canine,BPV,75,BPV,75,N,1.17,0,3.18,0.15,n/a,9.81,1.92,419,6.98,3.40
2/8/2023,Benny,480816,10.6,11/13/2015,2644,88.13,Canine,PDA,78,PDA,78,N,0.08,0,19.07,7.58,2.33,6.32,0.05,305,5.08,2.52
2/10/2023,Callie,483725,18.6,6/30/2015,2782,92.73,Canine,PMI,118,PMI,118,N,0.08,0.08,6.91,0.82,n/a,2.38,NB,153,2.55,1.21
2/15/2023,Iroh,482952,14.4,5/3/2022,288,9.60,Canine,PDA,98,PDA,98,N,0.03,0.46,3.43,1.33,1.89,1.02,26.32,189,3.15,1.58
2/15/2023,Whiskey,482636,4.6,7/30/2022,200,6.67,Canine,PDA,70,PDA,70,N,13.54,0.18,15.87,1.18,0.21,7.04,NB,113,1.88,0.27
2/22/2023,Stone,483363,24.4,7/22/2021,580,19.33,Canine,BPV,70,BPV,70,N,1.64,1.23,12.49,12.83,13.41,36.82,5.55,482,8.03,6.97
2/22/2023,Lily,483913,27.6,2/10/2014,3299,109.97,Canine,PMI,75,PMI,75,N,0.15,0.79,8.4,n/a,n/a,1.02,NB,195,3.25,2.02
3/1/2023,Mayberry,484036,23.8,11/18/2018,1564,52.13,Canine,PDA,110,PDA,110,N,0.92,0.26,2.33,1.44,3.77,1.82,NB,150,2.50,3.51
3/15/2023,CJ,472892,15.4,4/25/2021,689,22.97,Canine,BPV,45,BPV,45,N,2.15,0,14.93,3.76,n/a,17.46,NB,258,4.30,4.52
3/22/2023,Moo ,265977,16,10/2/2020,901,30.03,Canine,BPV,85,BPV,85,N,0.03,0.08,15.17,12.79,n/a,1.89,NB,610,10.17,7.51
3/29/2023,Whiskey,484602,26.3,8/22/2019,1315,43.83,Canine,BPV,63,BPV,63,N,0.23,0.06,36.92,10.86,0.54,62.13,140,635,10.58,20.93
3/29/2023,Huckleberry Hound,485506,18.7,8/19/2022,222,7.40,Canine,BPV,61,BPV,61,N,0.92,0.06,7.4,3.02,NB,3,190,507,8.45,8.61
4/5/2023,Phinias,484852,9.2,12/23/2022,103,3.43,Canine,BPV,65,BPV,65,N,0.13,0,54.3,0.41,n/a,21.56,60,395,6.58,6.55
4/5/2023,Sadie Mae,241517,12.7,3/23/2019,1474,49.13,Canine,BPV,130,BPV,130,N,1.63,0.06,66.58,3.33,n/a,23.83,240,585,9.75,6.43
4/12/2023,Ivy,485169,3.8,9/10/2022,214,7.13,Canine,BPV,50,BPV,50,N,0.48,0,4.51,0.02,n/a,1.74,10,415,6.92,0.90
4/12/2023,Kyra,477795,28.6,8/6/2012,3901,130.03,Canine,PMI,115,PMI,115,N,2.41,0.01,5.09,3,n/a,2.33,50,324,5.40,3.86
4/19/2023,Bella,242587,23,7/13/2017,2106,70.20,Canine,PV Stent,173,PV Stent,173,N,6.04,0.02,48.21,16.25,1.41,146.79,NB,"2,243.00",37.38,40.80
4/20/2023,Bleu,481695,14.7,7/2/2021,657,21.90,Canine,BPV,50,BPV,50,N,1.13,0,7.16,7.78,n/a,8.24,0.05,318,5.30,6.85
5/3/2023,Callie,483852,5,12/7/2022,147,4.90,Canine,PDA,81,PDA,81,N,0.02,0.08,1.21,0.18,NB,1.03,NB,275,4.58,0.95
5/10/2023,Misty,487285,8.2,1/15/2023,115,3.83,Canine,PDA,110,PDA,110,N,1.91,0.08,1.33,1.59,0.59,0.79,10,113,1.88,0.82
5/10/2023,Cotton,483835,13.5,5/21/2010,4737,157.90,Canine,PMI,120,PMI,120,N,5.4,0,37.09,3.59,0.89,39.45,20,556,9.27,9.69
5/17/2023,Beans,481365,4.4,9/20/2022,239,7.97,Canine,BPV,45,BPV,45,N,0.64,0,4.66,0.21,n/a,0.13,10,264,4.40,1.17
5/17/2023,Klay ,487352,4.2,4/18/2015,2951,98.37,Canine,PDA,110,PDA,110,N,3.84,0.05,6.61,0.3,3.84,1.02,10,273,4.55,1.05
5/24/2023,Marlo,487419,6.55,9/1/2021,630,21.00,Canine,PDA,125,PDA,125,N,1.44,0.01,1.58,0.94,0.69,NB,4,251,4.18,1.06
6/7/2023,Doby,479944,8.9,6/4/2022,368,12.27,Canine,BPV,135,BPV,135,N,4.29,0,12.64,0.33,n/a,0.41,49.45,301,5.02,2.14
6/14/2023,Raider,488669,21.5,10/1/2020,986,32.87,Canine,PDA,82,PDA,82,N,13,0.05,9.14,0.56,12.77,1.33,NB,692,11.53,17.95
6/28/2023,Badin,488867,5.9,3/15/2023,105,3.50,Canine,BPV,78,BPV,78,N,0.02,0,26.19,4.33,n/a,3.18,NB,676,11.27,5.26
7/5/2023,Evie,259242,4.36,11/26/2019,1317,43.90,Canine,PDA,68,PDA,68,N,0,0,1.33,0.08,0.64,0,NB,142,2.37,0.39
7/12/2023,Jade,485848,8.2,11/11/2022,243,8.10,Canine,PV Stent,87,PV Stent,87,N,4.61,0.43,59.68,5.32,20.28,1.43,71.97,907,15.12,12.87
7/21/2023,Grace ,490434,36,12/12/2012,3873,129.10,Canine,PMI,115,PMI,115,N,0.08,0.03,14.74,1.54,n/a,0.36,0,250,4.17,5.39
7/26/2023,Liberty,486974,8.18,11/10/2022,258,8.60,Canine,BPV,80,BPV,80,N,0.59,0.08,13.26,2.74,n/a,2.69,0.48,857,14.28,7.09
7/28/2023,Wednesday ,490384,27.7,6/28/2017,2221,74.03,Canine ,PMI,94,PMI,94,N,0.82,0.02,17.72,6.4,n/a,0.48,0.48,200,3.33,5.38
7/31/2023,Grace ,490434,38.5,12/12/2012,3883,129.43,Canine,PMI,127,PMI,127,N,10.24,0.57,8.8,n/a,n/a,0.05,0,157,2.62,5.03
8/2/2023,Tank,489130,5.54,2/7/2023,176,5.87,Canine,BPV,70,BPV,70,N,1.72,0,8.32,1.33,n/a,0.34,19.87,426,7.10,1.86
8/3/2023,Sadie ,268158,30,10/9/2016,2489,82.97,Canine,BPV,60,BPV,60,N,8.8,0.05,20.33,2.97,n/a,3.53,NB,423,7.05,15.26
8/9/2023,Phinias,484852,15.4,12/23/2022,229,7.63,Canine,PV stent,75,PV stent,75,N,0.71,0.1,41.17,5.43,n/a,1.39,102.63,"1,069.00",17.82,14.44
8/10/2023,Lily ,488418,6.5,6/20/2022,416,13.87,Canine,BPV,71,BPV,71,N,0.72,0.03,12.51,3.1,n/a,0.12,NB,"1,402.00",23.37,6.15
8/16/2023,Zoey,485494,29,6/5/2022,437,14.57,Canine,BPV,40,BPV,40,N,1.92,0.02,4.52,0.51,n/a,0.1,NB,501,8.35,6.24
8/16/2023,Gus ,491488,7.45,3/16/2022,518,17.27,Canine,PDA,35,PDA,35,N,1.69,0,5.79,0.61,0.12,0.9,NB,296,4.93,2.02
8/17/2023,Miss Olive,489755,5.2,4/5/2023,134,4.47,Canine,BPV,55,BPV,55,N,1.46,0.05,6.27,0.64,n/a,0.54,204.57,838,13.97,2.62
8/30/2023,Luna,486500,21.2,12/1/2021,637,21.23,Canine,BPV,43,BPV,43,N,5.12,0,7.07,8.03,n/a,0.22,158.21,708,11.80,11.82
9/6/2023,Sofie,489496,10.3,3/14/2019,1637,54.57,Canine,BPV,60,BPV,60,N,7.96,0.03,40.65,1.75,n/a,1.92,3.27,"1,118.00",18.63,6.94
9/6/2023,Champ,491419,21.4,3/24/2019,1627,54.23,Canine,BPV,55,BPV,55,N,2.84,0.02,34.33,10.08,n/a,2.3,66.18,811,13.52,9.76
9/8/2023,Russell,492424,28,7/29/2010,4789,159.63,Canine,PMI,120,PMI,120,N,0.74,0.05,2.95,n/a,n/a,0.82,2.97,188,3.13,2.75
9/13/2023,Mazi,490061,23,6/25/2021,810,27.00,Canine,BPV,95,BPV,95,N,11.98,0.57,50.84,6.58,2.12,0.87,NB,"1,094.00",18.23,33.38
9/13/2023,Carolina Crumpt,491819,7.6,5/9/2023,127,4.23,Canine,PDA,60,PDA,60,N,0.1,0,2.3,1,2.36,0.1,2.02,273,4.55,1.18
9/20/2023,Luna,492550,4.5,4/26/2015,3069,102.30,Canine,PDA,145,PDA,145,N,0.21,0,3.38,0.79,2.23,0.03,2.23,234,3.90,0.70
9/27/2023,Apple ,491345,14.5,11/12/2022,319,10.63,Canine,BPV,48,BPV,48,N,2.79,0.13,6.47,2.23,0.02,0.05,123.29,557,9.28,5.00
9/27/2023,Rosie,491035,5.3,8/4/2021,784,26.13,Canine,PDA,95,PDA,95,N,2.71,0.05,20.74,0.08,4.84,0.84,67.53,627,10.45,2.36
10/4/2023,Sushi,487155,11.2,6/10/2020,1211,40.37,Canine,BPV,137,BPV,137,N,21.45,0.07,78.72,0.33,18.74,0.03,NB,849,14.15,16.50
10/4/2023,Max,490135,7.1,6/5/2022,486,16.20,Canine,BPV,102,BPV,102,N,0.95,0.03,28.06,9.22,n/a,0.05,NB,817,13.62,5.65
10/18/2023,Gus,491070,27.1,7/14/2022,461,15.37,Canine,BPV,54,BPV,54,N,2.03,1.05,28.47,6.34,4,0.31,35.38,824,13.73,13.25
10/18/2023,Hamish,491538,11.4,11/17/2022,335,11.17,Canine,BPV,105,BPV,105,N,0.41,0.36,52.53,12.65,1.66,0.1,459.26,803,13.38,12.13
10/25/2023,Diesel,492393,29.7,4/25/2018,2009,66.97,Canine,BPV,90,BPV,90,N,32.81,0.13,78.23,22.3,3.1,0,NB ,942,15.70,35.28
10/25/2023,Stella,491543,8,5/7/2023,171,5.70,Canine,BPV,65,BPV,65,N,16.08,0.1,42.32,7.17,n/a,0.03,100.43,716,11.93,6.71
11/1/2023,Sullie,492622,10.3,9/23/2022,404,13.47,Canine,BPV,70,BPV,70,N,7.91,0.02,25.78,1.35,n/a,0,21.48,803,13.38,6.54
11/8/2023,Teddy,491833,8.6,8/11/2022,454,15.13,Canine,Mixed,MN,BPV,50,Y,0.03,0,9.34,0.47,3.56,0,44.59,824,13.73,4.31
11/8/2023,Bodie,493669,9.7,2/13/2023,268,8.93,Canine,Frenchie,MI,PV stent,110,Y,2.05,0.03,11.01,38.29,5.09,0.28,211.36,"1,165.00",19.42,12.01
11/10/2023,Odin,494764,20,1/1/2022,678,22.60,Canine,Coonhound,MN,PMI,131,N,7.29,0,1.82,0.84,n/a,0,0.03,281,4.68,1.72
11/13/2023,Chester,494768,10,11/10/2010,4751,158.37,Canine,Bichon Frise,MN,PMI,139,Y,1.46,0,11.39,1.92,n/a,0,0,154,2.57,1.20
11/15/2023,Eboni,492606,7.7,2/24/2023,264,8.80,Canine,"Schnauzer, Mini",FI,BPV,75,Y,1.44,0.26,14,0.02,0,0.05,0.25,864,14.40,3.50
11/15/2023,Taco,494699,12.8,10/2/2022,409,13.63,Canine,Mixed,FI,PDA,120,Y,0.05,0.2,2.54,0.13,0.95,0.05,0.09,219,3.65,2.22
11/22/2023,Banks,494588,5.4,6/25/2023,150,5.00,Canine,Cavalier King Charles,MI,BPV,33,Y,0.15,0,0.13,0.01,n/a,0.15,0.09,351,5.85,1.35
11/29/2023,Penelope,492418,7.08,4/7/2023,236,7.87,Canine,Frenchie,FI,BPV,90,Y,0.77,0,10.7,0.49,n/a,0.18,0.27,506,8.43,3.98
11/29/2023,Raider,488669,27,10/1/2020,1154,38.47,Canine,Dutch Shephard,MI,PDA,90,N,0.74,0.51,3.17,0.51,0.97,1.13,0.29,220,3.67,5.31
12/6/2023,Lailah,494451,4.49,1/31/2023,309,10.30,Canine,"Schnauzer, Mini",FI,BPV,50,Y,0,0.05,2,0,n/a,0.05,25.29,556,9.27,1.01
12/13/2023,Mulligan,493909,16.2,8/27/2022,473,15.77,Canine,LabX,MN,BPV,155,Y,0.56,0,0.43,0.02,0,0,2.22,721,12.02,2.10
12/20/2023,Gunner,494231,25.8,6/24/2022,544,18.13,Canine,Mixed,MI,BPV,60,Y,4.23,0,21.89,4.79,2.82,0,505.6,532,8.87,11.38
12/27/2023,Hazel Mae,496209,4.8,9/6/2023,112,3.73,Canine,Frenchie,FI,BPV,79,Y,2.44,0,10.8,0.61,n/a,0.05,0.3,634,10.57,2.91
12/27/2023,Viva,495675,8.1,9/2/2023,116,3.87,Canine,mixed,FS,BPV,90,Y,0.38,0,17.92,1.46,4.5,0,0.11,870,14.50,4.93
1/3/2024,Welhelmina,494556,5,9/1/2023,124,4.13,Canine,Fox Terrier,FI,PDA,135,Y,0,0,1.95,0,1.9,0,0.09,190,3.17,0.68
1/3/2024,Sally Ann,264535,28,3/3/2021,1036,34.53,Canine,mixed,FS,PDA,210,Y,5.45,0.18,31.38,0,8.98,0.02,0.42,642,10.70,12.90
1/10/2024,Blue,495166,2.4,7/21/2023,173,5.77,Canine,Chihuahua,FI,BPV,77,Y,0.05,0,3.99,0.1,n/a,0,0.14,"1,096.00",18.27,1.26
1/10/2024,Tali #103,496470,4.55,12/25/2020,1111,37.03,Canine,Chihuahua,FI,PDA,80,Y,0,0,4.28,0.16,0,0.08,0.01,151,2.52,0.36
1/17/2024,Dolce,487814,1.46,2/11/2023,340,11.33,Canine,Maltese,MI,BPV,67,Y,0.05,0,0.05,0,0,0.54,0.01,403,6.72,0.55
1/17/2024,Gertie,496230,8.38,6/5/2023,226,7.53,Canine,Frenchie,FI,BPV,194,Y,2.79,0.03,38.35,0.49,0.33,0.02,0.08,984,16.40,8.61
1/24/2024,Frank,244957,12.2,8/27/2019,1611,53.70,Canine,Frenchie,MN,BPV,105,Y,1.15,0.03,5.99,11,0,0,0.01,751,12.52,7.41
1/24/2024,Lola,497004,20.2,2/14/2023,344,11.47,Canine,Goldendoodle,FI,PDA,140,Y,0.18,0.1,5.07,1.36,8.24,0.57,0.19,345,5.75,7.32
1/24/2024,Lakota,494990,21.7,4/3/2023,296,9.87,Canine,English Bulldog,FI,PV stent,61,Y,3.89,0.38,135.56,62.83,40.24,0.05,0.12,768,12.80,33.49
2/1/2024,Kylo,497093,7.2,5/2/2023,275,9.17,Canine,Frenchie,MI,BPV,41,Y,0.41,0,0.35,1.08,n/a,0.02,193.59,408,6.80,2.93
2/7/2024,Theo,496125,3.85,9/9/2022,516,17.20,Canine,Chihuahua,MI,BPV,67,Y,0.15,0,0.49,0.82,n/a,0,96.61,682,11.37,2.32
2/12/2024,Luna,497972,29.5,4/19/2014,3586,119.53,Canine,Boxer,FS,PMI,90,Y,1.92,0,8.75,0.9,0.84,0,9.66,366,6.10,3.87
2/14/2024,Pistachio,494957,11.5,12/20/2021,786,26.20,Canine,Frenchie,MN,BPV,115,Y,0.07,0,4.53,6.88,4.48,0.34,15.51,755,12.58,7.33
2/14/2024,Cece,497553,8.2,10/20/2023,117,3.90,Canine,Australian Cattle Dog,FI,PDA,75,Y,0.03,0.08,1.82,0.41,0.26,0.51,20.25,266,4.43,1.50
2/15/2024,June Bug,495584,7.92,9/1/2023,167,5.57,Canine,Boykin Spaniel,FI,PDA,90,Y,0.15,0,7.53,0.51,2.38,0.1,29.62,176,2.93,1.20
2/15/2024,Willie,497960,11.3,8/26/2014,3460,115.33,Canine,Mixed Breed Dog,FS,PMI,85,Y,0.15,0.2,3.37,0.49,0.33,0.26,191.2,267,4.45,2.15
2/21/2024,Alice,494622,18.7,9/14/2023,160,5.33,Canine,Boxer,FI,BPV,40,Y,0,0,24.4,2.61,0.7,0,108.27,447,7.45,7.95
2/21/2024,Kara,496116,9.2,10/11/2023,133,4.43,Canine,Boykin Spaniel,FI,BPV,68,Y,0.08,0,7.73,0.56,n/a,0,53.88,797,13.28,3.44
2/28/2024,Mabel,497247,6.4,11/3/2023,117,3.90,Canine,Frenchie,FI,BPV,60,Y,0.82,0,3.18,0.36,n /a,0.28,0,805,13.42,2.92
2/28/2024,Lemon,498440,10.1,12/7/2023,83,2.77,Canine,Rhodesian Ridgeback,MI,BPV,47,Y,0.54,0,6.12,0.03,n/a,0.02,39.1,768,12.80,4.00
3/6/2024,Fiji,498057,16.8,8/11/2023,208,6.93,Canine,English Bulldog,FI,PV stent,226,Y,11.7,0.33,47.66,8.75,n/a,0.16,133.35,"2,191.00",36.52,38.26
3/13/2024,Lexi,499130,7.3,12/10/2020,1189,39.63,Canine,Bichon x,FS,PMI,90,Y,0,0,0.23,0.05,n/a,0,69.55,188,3.13,0.27
3/20/2024,Macy,494557,35,2/20/2020,1490,49.67,Canine,German Shepherd,F,PDA,90,Y,0,0.03,2.87,0.18,1.4,0,28.26,204,3.40,3.38
3/20/2024,Boone,498393,6.3,12/25/2023,86,2.87,Canine,Goldendoodle,M,PDA,188,Y,0,0,1.33,0.05,0.77,0,13.06,300,5.00,0.88
3/27/2024,Samson,499181,10.1,7/17/2022,619,20.63,Canine,Frenchie,M,BPV,75,Y,0,0,3.09,0.18,0,0,0.23,"1,149.00",19.15,5.04
3/31/2024,Bailey,499860,53,3/30/2016,2923,97.43,Canine,Bernese Mountain Dog,MN,PMI,120,Y,8.6,0,116.92,0,0,0,1.04,527,8.78,26.48
4/9/2024,Jasper,497306,4.7,3/14/2023,392,13.07,Canine,Shih Tzu,MI,PDA,102,Y,0.03,0,2.15,0.28,n/a,0.06,0.49,325,5.42,1.01
4/10/2024,Miss Olive,489755,8.6,3/21/2023,386,12.87,Canine,Frenchie,FS,PV Stent,84,Y,0.76,0.05,2.89,1.3,n/a,0.05,828.85,"1,233.00",20.55,7.65
4/10/2024,Stella,499908,5.72,11/22/2023,140,4.67,Canine,Frenchie,FI,BPV,120,Y,0.82,0,6.85,0.49,n/a,0.02,89.26,454,7.57,3.25
4/10/2024,Annie,500239,13.5,4/10/2012,4383,146.10,Canine,American Staffordshire Terrier,FS,PMI,112.2,Y,0.54,0,19.87,0.97,n/a,0.44,9.89,282,4.70,3.19
4/17/2024,Speedy,500333,5.8,8/7/2023,254,8.47,Canine,Boston Terrier,F,PDA,115,Y,0.07,0,1.23,n/a,0,0,14.23,273,4.55,0.86
4/17/2024,Georgia,500009,25.3,11/16/2015,3075,102.50,Canine,German Shorthair Pointer,FS,PDA,102,Y,0.85,0.15,4.63,0.41,2.87,0.33,159.18,428,7.13,5.33
5/1/2024,Mia,486978,24.8,3/15/2020,1508,50.27,Canine,American Staffordshire Terrier,FS,BPV,75,Y,3.4,0.13,27.34,2.61,3.48,0.23,121.96,559,9.32,10.91
5/8/2024,Fudge,500621,10,12/19/2023,141,4.70,Canine,Beagle,MI,BPV,63,Y,0.54,0.08,1.51,0,0,0.1,166.94,439,7.32,2.23
5/8/2024,Oliver,501338,36.5,5/6/2020,1463,48.77,Canine,Lab,MN,PDA,70.8,Y,0.53,0.1,7.99,0.87,2.2,0.36,53.43,264,4.40,7.57
5/11/2024,Schatzie,501440,19,1/19/2014,3765,125.50,Canine,Mixed Breed Dog,FS,PMI,100.2,Y,0.39,0.85,0.61,0.13,n/a,0,9.73,153,2.55,1.72
5/24/2024,Nala,479994,7.35,4/21/2015,3321,110.70,Canine,,,PMI,61,Y,0.46,0,1.69,0.11,n/a,0.03,81,361,6.02,0.93